authority_name,url,tags
Aberdeen,https://publicaccess.aberdeencity.gov.uk/online-applications/search.do?action=advanced
Aberdeenshire,https://upa.aberdeenshire.gov.uk/online-applications/search.do?action=advanced
Adur,https://planning.adur-worthing.gov.uk/online-applications/search.do?action=advanced
Allerdale,https://cumberlandcouncil.my.site.com/pr3/s/register-view?c__r=Arcus_BE_Public_Register
Amber Valley,https://www.ambervalley.gov.uk/planning/development-management/view-a-planning-application/,randoms1
Angus,https://planning.angus.gov.uk/online-applications/search.do?action=advanced
Antrim and Newtownabbey,https://planningregister.planningsystemni.gov.uk/advanced-search
Argyll & Bute,https://publicaccess.argyll-bute.gov.uk/online-applications/search.do?action=advanced
Armagh Banbridge and Craigavon,https://planningregister.planningsystemni.gov.uk/advanced-search
Arun,https://www1.arun.gov.uk/aplanning/OcellaWeb/planningSearch
Ashfield,https://planning.ashfield.gov.uk/planning-applications/search-applications/,randoms1
Ashford,https://abcportal.ashford.gov.uk/pr/s/register-view?c__r=Arcus_BE_Public_Register
Babergh,https://planning.baberghmidsuffolk.gov.uk/online-applications/search.do?action=advanced
Barking and Dagenham,https://online-befirst.lbbd.gov.uk/planning/index.html?fa=search
Barnet,https://publicaccess.barnet.gov.uk/online-applications/search.do?action=advanced
Barnsley,https://planningexplorer.barnsley.gov.uk/Home/AdvanceSearch,randoms1
Basildon,https://planning.basildon.gov.uk/online-applications/search.do?action=advanced
Basingstoke and Deane,https://publicaccess.basingstoke.gov.uk/online-applications/search.do?action=advanced
Bassetlaw,https://publicaccess.bassetlaw.gov.uk/online-applications/search.do?action=advanced
Bath and North East Somerset,https://app.bathnes.gov.uk/webforms/planning/#advancedSearch,randoms1
Bedford,https://publicaccess.bedford.gov.uk/online-applications/search.do?action=advanced
Belfast,https://planningregister.planningsystemni.gov.uk/advanced-search
Bexley,https://pa.bexley.gov.uk/online-applications/search.do?action=advanced
Birmingham,https://planning.birmingham.gov.uk/NECSWS/ES/Presentation/Planning/OnlinePlanning/OnlinePlanningSearch/
Blaby,https://pa.blaby.gov.uk/online-applications/search.do?action=advanced
Blackburn with Darwen,https://online.blackburn.gov.uk/planning/index.html?fa=search
Blackpool,https://idoxpa.blackpool.gov.uk/online-applications/search.do?action=advanced
Blaenau Gwent,https://developmentservices.blaenau-gwent.gov.uk/planning/index.html?fa=search
Bolsover,https://publicaccess.bolsover.gov.uk/online-applications/search.do?action=advanced
Bolton,https://paplanning.bolton.gov.uk/online-applications/search.do?action=advanced
Boston,https://www.boston.gov.uk/planningapplicationsearch,randoms1
Bournemouth Christchurch and Poole,https://planning.bcpcouncil.gov.uk/Search/Advanced
Bracknell Forest,https://publicaccess.bracknell-forest.gov.uk/s/register-view?c__r=Arcus_BE_Public_Register
Bradford,https://planning.bradford.gov.uk/online-applications/search.do?action=advanced
Braintree,https://publicaccess.braintree.gov.uk/online-applications/search.do?action=advanced
Breckland,https://publicportal.breckland.gov.uk/planning/index.html?fa=search
Brent,https://pa.brent.gov.uk/online-applications/search.do?action=advanced
Brentwood,https://publicaccess.brentwood.gov.uk/online-applications/search.do?action=advanced
Bridgend,https://planning.bridgend.gov.uk/Search/Planning/Advanced,randoms1
Brighton and Hove,https://planningapps.brighton-hove.gov.uk/online-applications/search.do?action=advanced
Bristol,https://pa.bristol.gov.uk/online-applications/search.do?action=advanced
Broadland,https://info.southnorfolkandbroadland.gov.uk/online-applications/search.do?action=advanced
Bromley,https://planningaccess.bromley.gov.uk/pr/s/register-view?c__r=Arcus_BE_Public_Register
Bromsgrove and Redditch,https://publicaccess.bromsgroveandredditch.gov.uk/online-applications/search.do?action=advanced
Broxbourne,https://planning.broxbourne.gov.uk/LPAssure/ES/Presentation/Planning/OnlinePlanning/OnlinePlanningSearch#
Broxtowe,https://publicaccess.broxtowe.gov.uk/online-applications/search.do?action=advanced
Buckinghamshire,https://publicaccess.buckinghamshire.gov.uk/online-applications/search.do?action=advanced
Burnley,https://burnleycouncil.my.site.com/pr/s/register-view?c__r=Arcus_BE_Public_Register
Bury,https://planning.bury.gov.uk/online-applications/search.do?action=advanced
Caerphilly,https://publicaccess.caerphilly.gov.uk/PublicAccess/search.do?action=advanced
Calderdale,https://portal.calderdale.gov.uk/online-applications/search.do?action=advanced
Cambridge,https://applications.greatercambridgeplanning.org/online-applications/search.do?action=advanced
Cambridgeshire,https://planning.cambridgeshire.gov.uk/Search/Advanced
Camden,https://planningrecords.camden.gov.uk/Northgate/PlanningExplorer/GeneralSearch.aspx,randoms1
Cannock Chase,https://planning.agileapplications.co.uk/cannock/search-applications/
Canterbury,https://pa.canterbury.gov.uk/online-applications/search.do?action=advanced
Cardiff,https://www.cardiffidoxcloud.wales/publicaccess/search.do?action=advanced
Carlisle,https://publicaccess.carlisle.gov.uk/online-applications/search.do?action=advanced
Carmarthenshire,https://carmarthenshire.my.site.com/en/s/?tabset-a3431=3,randoms1
Causeway Coast,https://planningregister.planningsystemni.gov.uk/advanced-search
Castle Point,https://publicaccess.castlepoint.gov.uk/online-applications/search.do?action=advanced
Central Bedfordshire,https://plantech.centralbedfordshire.gov.uk/PLANTECH/DCWebPages/acolnetcgi.gov?ACTION=UNWRAP&RIPNAME=Root.pgesearch,randoms1
Ceredigion,https://ceredigion-online.tascomi.com/planning/index.html?fa=search
Charnwood,https://planningexplorer.charnwood.gov.uk/Assure/ES/Presentation/Planning/OnLinePlanning/OnlinePlanningSearch
Chelmsford,https://publicaccess.chelmsford.gov.uk/online-applications/search.do?action=advanced
Cheltenham,https://publicaccess.cheltenham.gov.uk/online-applications/search.do?action=advanced
Cherwell,https://planningregister.cherwell.gov.uk/Search/Advanced
Cheshire East,https://pa.cheshireeast.gov.uk/planning/index.html?fa=search
Cheshire West and Chester,https://pa.cheshirewestandchester.gov.uk/online-applications/search.do?action=advanced
Chesterfield,https://publicaccess.chesterfield.gov.uk/online-applications/search.do?action=advanced
Chichester,https://publicaccess.chichester.gov.uk/online-applications/search.do?action=advanced
Chorley,https://planning.chorley.gov.uk/online-applications/search.do?action=advanced
Clackmannanshire,https://publicaccess.clacks.gov.uk/publicaccess/search.do?action=advanced
Colchester,https://www.colchester.gov.uk/planning-search-results/,randoms1
Comhairle nan Eilean Siar,https://planning.cne-siar.gov.uk/PublicAccess/search.do?action=advanced
Conwy,https://npe.conwy.gov.uk/Northgate/EnglishPlanningExplorer/generalsearch.aspx
Copeland,https://www.copeland.gov.uk/planning/application-search,randoms1
Cornwall,http://planning.cornwall.gov.uk/online-applications/search.do?action=advanced
Cotswold,https://publicaccess.cotswold.gov.uk/online-applications/search.do?action=advanced
Coventry,https://planandregulatory.coventry.gov.uk/planning/index.html?fa=search
Crawley,https://planningregister.crawley.gov.uk/#AdvancedSearchTab,randoms1
Croydon,https://publicaccess3.croydon.gov.uk/online-applications/search.do?action=advanced
Dacorum,https://planning.dacorum.gov.uk/publicaccess/search.do?action=advanced
Darlington,https://publicaccess.darlington.gov.uk/online-applications/search.do?action=advanced
Dartford,https://publicaccess.dartford.gov.uk/online-applications/search.do?action=advanced
Denbighshire,https://developments.denbighshire.gov.uk/planning/index.html?fa=search&language=en
Derby,https://eplanning.derby.gov.uk/online-applications/search.do?action=advanced
Derry City and Strabane,https://planningregister.planningsystemni.gov.uk/advanced-search
Derbyshire Dales,https://planning.derbyshiredales.gov.uk/online-applications/search.do?action=advanced
Doncaster,https://planning.doncaster.gov.uk/online-applications/search.do?action=advanced
Dorset,https://planning.dorsetcouncil.gov.uk/advsearch.aspx,randoms1
Dover,https://publicaccess.dover.gov.uk/online-applications/search.do?action=advanced
Dudley,https://planning.agileapplications.co.uk/dudley/search-applications/
Dumfries and Galloway,https://eaccess.dumgal.gov.uk/online-applications/search.do?action=advanced
Dundee,https://idoxwam.dundeecity.gov.uk/idoxpa-web/search.do?action=advanced
Durham,https://publicaccess.durham.gov.uk/online-applications/search.do?action=advanced
Ealing,https://pam.ealing.gov.uk/online-applications/search.do?action=advanced
East Ayrshire,https://eplanning.east-ayrshire.gov.uk/online/search.do?action=advanced
East Cambridgeshire,https://pa.eastcambs.gov.uk/online-applications/search.do?action=advanced
East Devon,https://planning.eastdevon.gov.uk/online-applications/search.do?action=advanced
East Dunbartonshire,https://planning.eastdunbarton.gov.uk/online-applications/search.do?action=advanced
East Hampshire,https://publicaccess.easthants.gov.uk/planning/index.html?fa=search
East Hertfordshire,https://publicaccess.eastherts.gov.uk/online-applications/search.do?action=advanced
East Lindsey,https://publicaccess.e-lindsey.gov.uk/online-applications/search.do?action=advanced
East Lothian,https://pa.eastlothian.gov.uk/online-applications/search.do?action=advanced
East Northamptonshire,https://publicaccess.northnorthants.gov.uk/online-applications/search.do?action=advanced
East Renfrewshire,https://ercbuildingstandards.eastrenfrewshire.gov.uk/buildingstandards/search.do?action=advanced
East Riding of Yorkshire,https://newplanningaccess.eastriding.gov.uk/newplanningaccess/search.do?action=advanced
East Staffordshire,https://eaststaffs-publicportal.statmap.co.uk/horizoNext/publicportal,randoms2
East Suffolk,https://publicaccess.eastsuffolk.gov.uk/online-applications/search.do?action=advanced
Eastbourne,https://planningpa.lewes-eastbourne.gov.uk/online-applications/search.do?action=advanced
Eastleigh,https://planning.eastleigh.gov.uk/s/public-register,randoms1
Edinburgh,https://citydev-portal.edinburgh.gov.uk/idoxpa-web/search.do?action=advanced
Elmbridge,https://emaps.elmbridge.gov.uk/ebc_planning.aspx?requesttype=parseTemplate&template=SimpleSearchTab.tmplt,randoms1
Enfield,https://planningandbuildingcontrol.enfield.gov.uk/online-applications/search.do?action=advanced
Epsom and Ewell,http://eplanning.epsom-ewell.gov.uk/online-applications/search.do?action=advanced
Epping Forest,https://eppingforestdc.my.site.com/pr/s/register-view?c__q=&c__r=Arcus_BE_Public_Register
Erewash,https://planning.erewash.gov.uk/pr/s/register-view?c__r=Arcus_BE_Public_Register
Exeter,https://publicaccess.exeter.gov.uk/online-applications/search.do?action=advanced
Falkirk,https://edevelopment.falkirk.gov.uk/online/search.do?action=advanced
Fareham,https://www.fareham.gov.uk/casetrackerplanning/,randoms1
Fenland,https://www.publicaccess.fenland.gov.uk/publicaccess/search.do?action=advanced
Fermanagh and Omagh,https://planningregister.planningsystemni.gov.uk/advanced-search
Fife,https://planning.fife.gov.uk/online/search.do?action=advanced
Flintshire,https://planning.agileapplications.co.uk/flintshire/search-applications/
Folkestone & Hythe,https://folkestonehythedc.my.site.com/PR3/s/be-register-view?c__r=Arcus_BE_Public_Register
Forest of Dean,https://publicaccess.fdean.gov.uk/online-applications/search.do?action=advanced
Fylde,https://pa.fylde.gov.uk/Disclaimer?returnUrl=%2FSearch%2FAdvanced
Gateshead,https://public.gateshead.gov.uk/online-applications/search.do?action=advanced
Gedling,https://pawam.gedling.gov.uk/online-applications/search.do?action=advanced
Glasgow,https://publicaccess.glasgow.gov.uk/online-applications/search.do?action=advanced
Gloucester,https://publicaccess.gloucester.gov.uk/online-applications/search.do?action=advanced
Gosport,https://publicaccess.gosport.gov.uk/online-applications/search.do?action=advanced
Gravesham,https://plan.gravesham.gov.uk/online-applications/search.do?action=advanced
Great Yarmouth,https://planning.great-yarmouth.gov.uk/OcellaWeb/planningSearch
Greenwich,https://planning.royalgreenwich.gov.uk/online-applications/search.do?action=advanced
Guildford,https://publicaccess.guildford.gov.uk/online-applications/search.do?action=advanced
Gwynedd,https://amg.gwynedd.llyw.cymru/planning/index.html?language=en&fa=search
Hackney,https://developmentandhousing.hackney.gov.uk/planning/index.html?fa=search
Halton,https://pa.halton.gov.uk/online-applications/search.do?action=advanced
Hammersmith & Fulham,https://property.lbhf.gov.uk/NECSWS/ES/Presentation/Planning/OnlinePlanning/OnlinePlanningSearch
Harborough,https://pa2.harborough.gov.uk/online-applications/search.do?action=advanced
Haringey,https://publicregister.haringey.gov.uk/pr/s/register-view?c__r=Arcus_BE_Public_Register
Harlow,https://planningonline.harlow.gov.uk/online-applications/search.do?action=advanced
Harrow,https://planningsearch.harrow.gov.uk/planning/index.html?fa=search&_gl=1*mp34yj*_ga*MTIwMTExNzA4My4xNzQ5MzE1NjQ4*_ga_M5S4MNQ3H6*czE3NDkzMTU2NDckbzEkZzAkdDE3NDkzMTU2NDckajYwJGwwJGgw
Hart,https://publicaccess.hart.gov.uk/online-applications/search.do?action=advanced
Hartlepool,https://planning.hartlepool.gov.uk/portal/servlets/ApplicationSearchServlet
Hastings,https://publicaccess.hastings.gov.uk/online-applications/search.do?action=advanced
Havant,https://service.havant.gov.uk/pr/s/register-view?c__r=Arcus_BE_Public_Register
Havering,https://development.havering.gov.uk/OcellaWeb/planningSearch
Herefordshire,https://www.herefordshire.gov.uk/info/200142/planning_services/planning_application_search#tab1 ,randoms1
Hertsmere,https://www6.hertsmere.gov.uk/online-applications/search.do?action=advanced
High Peak,http://planning.highpeak.gov.uk/portal/servlets/ApplicationSearchServlet
Highland,https://wam.highland.gov.uk/wam/search.do?action=advanced
Hillingdon,https://planning.hillingdon.gov.uk/OcellaWeb/planningSearch
Hinckley and Bosworth,https://pa.hinckley-bosworth.gov.uk/online-applications/search.do?action=advanced
Horsham,https://public-access.horsham.gov.uk/public-access/search.do?action=advanced
Hounslow,https://planningandbuilding.hounslow.gov.uk/NECSWS/ES/Presentation/Planning/OnlinePlanning/OnlinePlanningSearch#
Huntingdonshire,https://publicaccess.huntingdonshire.gov.uk/online-applications/search.do?action=advanced
Hyndburn,https://planning.hyndburnbc.gov.uk/Northgate/ES/Presentation/Planning/OnlinePlanning/OnlinePlanningSearch
Inverclyde,https://planning.inverclyde.gov.uk/Online/search.do?action=advanced
Ipswich,https://ppc.ipswich.gov.uk/appnsearch.asp,randoms2
Isle of Anglesey,https://planning-public-register.anglesey.gov.wales/prIoA/s/register-view?language=en_GB&c__r=Arcus_BE_Public_Register
Isle of Wight,https://publicaccess.iow.gov.uk/online-applications/search.do?action=advanced
Isles of Scilly,https://www.scilly.gov.uk/planning-development/planning-applications,randoms2
Islington,https://planning.agileapplications.co.uk/islington/search-applications/
Kensington and Chelsea,https://www.rbkc.gov.uk/planningsearch,randoms2
Kings Lynn and West Norfolk,https://online.west-norfolk.gov.uk/online-applications/search.do?action=advanced
Kingston-upon-Hull,https://www.hullcc.gov.uk/padcbc/publicaccess-live/search.do?action=advanced
Kingston upon Thames,https://publicaccess.kingston.gov.uk/online-applications/search.do?action=advanced
Kirklees,https://www.kirklees.gov.uk/beta/planning-applications/search-for-planning-applications/default.aspx?advanced_search=true,randoms2
Knowsley,https://planapp.knowsley.gov.uk/online-applications/search.do?action=advanced
Lambeth,https://planning.lambeth.gov.uk/online-applications/search.do?action=advanced
Lancaster,https://planning.lancaster.gov.uk/online-applications/search.do?action=advanced
Leeds,https://publicaccess.leeds.gov.uk/online-applications/search.do?action=advanced
Leicester,https://planning.leicester.gov.uk/,randoms2
Lewes,https://planningpa.lewes-eastbourne.gov.uk/online-applications/search.do?action=advanced
Lewisham,https://planning.lewisham.gov.uk/online-applications/search.do?action=advanced
Lichfield,https://planning.lichfielddc.gov.uk/online-applications/search.do?action=advanced
Lisburn and Castlereagh,https://planningregister.planningsystemni.gov.uk/advanced-search
Lincoln,https://planning.lincoln.gov.uk/online-applications/search.do?action=advanced
Liverpool,https://lar.liverpool.gov.uk/planning/index.html?fa=search
London,http://www.planning2.cityoflondon.gov.uk/online-applications/search.do?action=advanced
Luton,https://planning.luton.gov.uk/online-applications/search.do?action=advanced
Maidstone,https://pa.midkent.gov.uk/online-applications/search.do?action=advanced
Maldon,https://publicaccess.maldon.gov.uk/online-applications/search.do?action=advanced
Malvern Hills,https://plan.malvernhills.gov.uk/Search/Advanced
Manchester,https://arcusbe.manchester.gov.uk/pr/s/register-view?c__r=Arcus_BE_Public_Register
Mansfield,https://planning.mansfield.gov.uk/online-applications/search.do?action=advanced
Medway,https://publicaccess1.medway.gov.uk/online-applications/search.do?action=advanced
Melton,https://pa.melton.gov.uk/online-applications/search.do?action=advanced
Mendip,https://publicaccess.mendip.gov.uk/online-applications/search.do?action=advanced
Merthyr Tydfil,https://publicaccess.merthyr.gov.uk/online-applications/search.do?action=advanced
Merton,https://rspandlp.merton.gov.uk/planning/index.html?fa=search
Mid and East Antrim,https://planningregister.planningsystemni.gov.uk/advanced-search
Mid Devon,https://planning.middevon.gov.uk/online-applications/search.do?action=advanced
Mid Sussex,https://pa.midsussex.gov.uk/online-applications/search.do?action=advanced
Mid Ulster,https://planning.midulstercouncil.org/online-applications/search.do?action=advanced
Middlesbrough,https://planning.agileapplications.co.uk/middlesbrough/search-applications/
Midlothian,https://planning-applications.midlothian.gov.uk/OnlinePlanning/search.do?action=advanced
Milton Keynes,https://www.be.milton-keynes.gov.uk/pr/s/register-view?c__r=Arcus_BE_Public_Register
Mole Valley,https://molevalley-publicportal.statmap.co.uk/horizonext,randoms2
Monmouthshire,https://planningonline.monmouthshire.gov.uk/online-applications/search.do?action=advanced
Moray,https://publicaccess.moray.gov.uk/eplanning/search.do?action=advanced
Neath Port Talbot,https://planningonline.npt.gov.uk/online-applications/search.do?action=advanced
New Forest,https://planning.newforest.gov.uk/online-applications/search.do?action=advanced
Newark and Sherwood,https://publicaccess.newark-sherwooddc.gov.uk/online-applications/search.do?action=advanced
Newcastle,https://portal.newcastle.gov.uk/planning/index.html?fa=search
Newcastle-under-Lyme,https://publicaccess.newcastle-staffs.gov.uk/online-applications/search.do?action=advanced
Newham,https://pa.newham.gov.uk/online-applications/search.do?action=advanced
Newport,https://licensing.newport.gov.uk/online-applications/search.do?action=advanced
Newry Mourne and Down,https://planningregister.planningsystemni.gov.uk/advanced-search
North Ayrshire,https://www.eplanning.north-ayrshire.gov.uk/OnlinePlanning/search.do?action=advanced
North Devon,https://planning.northdevon.gov.uk/Search/Advanced
North Down and Ards,https://planningregister.planningsystemni.gov.uk/advanced-search
North East Derbyshire,https://planapps-online.ne-derbyshire.gov.uk/online-applications/search.do?action=advanced
North East Lincolnshire,https://planninganddevelopment.nelincs.gov.uk/online-applications/search.do?action=advanced
North Hertfordshire,https://pa2.north-herts.gov.uk/online-applications/search.do?action=advanced
North Kesteven,https://planningonline.n-kesteven.gov.uk/online-applications/search.do?action=advanced
North Lanarkshire,https://eplanning.northlanarkshire.gov.uk/online-applications/search.do?action=advanced
North Lincolnshire,https://apps.northlincs.gov.uk/,randoms2
North Norfolk,https://idoxpa.north-norfolk.gov.uk/online-applications/search.do?action=advanced
North Northamptonshire,https://publicaccess.northnorthants.gov.uk/online-applications/search.do?action=advanced
North Somerset,https://planning.n-somerset.gov.uk/online-applications/search.do?action=advanced
North Tyneside,https://idoxpublicaccess.northtyneside.gov.uk/online-applications/search.do?action=advanced
North Warwickshire,https://planning.northwarks.gov.uk/Search/Advanced,planningregister
North West Leicestershire,https://plans.nwleics.gov.uk/public-access/search.do?action=advanced
North Yorkshire,https://publicaccess.northyorks.gov.uk/online-applications/search.do?action=advanced
Northumberland,https://publicaccess.northumberland.gov.uk/online-applications/search.do?action=advanced
Norwich,https://planning.norwich.gov.uk/online-applications/search.do?action=advanced
Nottingham,http://publicaccess.nottinghamcity.gov.uk/online-applications/search.do?action=advanced
Nuneaton and Bedworth,https://idoxcloud.nuneatonandbedworth.gov.uk/planning/index.html?fa=search
Oadby and Wigston,https://pa.oadby-wigston.gov.uk/online-applications/search.do?action=advanced
Oldham,https://planningpa.oldham.gov.uk/online-applications/search.do?action=advanced
Orkney Islands,https://planningandwarrant.orkney.gov.uk/online-applications/search.do?action=advanced
Oxford,https://public.oxford.gov.uk/online-applications/search.do?action=advanced
Pembrokeshire,https://planning.agileapplications.co.uk/pembrokeshire/search-applications/
Pendle,https://publicaccess.pendle.gov.uk/online-applications/search.do?action=advanced
Perth & Kinross,https://planningapps.pkc.gov.uk/online-applications/search.do?action=advanced
Peterborough,https://planpa.peterborough.gov.uk/online-applications/search.do?action=advanced
Plymouth,https://planning.plymouth.gov.uk/online-applications/search.do?action=advanced
Portsmouth,https://publicaccess.portsmouth.gov.uk/online-applications/search.do?action=advanced
Powys,https://service.powys.gov.uk/pr/s/register-view?language=en_GB&c__r=Arcus_BE_Public_Register
Preston,https://selfservice.preston.gov.uk/service/planning/ApplicationSearch.aspx,randoms2
Reading,https://publicregister.reading.gov.uk/pr/s/register-view?c__r=Arcus_BE_Public_Register
Redbridge,https://planning.redbridge.gov.uk/redbridge/search-applications/
Redcar and Cleveland,https://planning.redcar-cleveland.gov.uk/Search/Planning/Advanced,randoms2
Reigate and Banstead,https://planning.reigate-banstead.gov.uk/online-applications/search.do?action=advanced
Renfrewshire,https://pl-bs.renfrewshire.gov.uk/online-applications/search.do?action=advanced
Rhondda-Cynon Taff,https://planonline.rctcbc.gov.uk/online-applications/search.do?action=advanced
Ribble Valley,https://webportal.ribblevalley.gov.uk/planningApplication/search/advanced,randoms2
Richmond,https://planning.richmond.gov.uk/richmond/search-applications/
Richmondshire,https://planning.richmondshire.gov.uk/online-applications/search.do?action=advanced
Rochdale,https://account.rochdale.gov.uk/pr/s/register-view?c__r=Arcus_BE_Public_Register
Rochford,https://maps.rochford.gov.uk/DevelopmentControl.aspx?RequestType=ParseTemplate&template=DevelopmentControlAdvancedSearch.tmplt,randoms2
Rossendale,https://publicaccess.rossendale.gov.uk/online-applications/search.do?action=advanced
Rother,https://online.rother.gov.uk/planning/index.html?fa=search
Rotherham,https://planning.rotherham.gov.uk/fastweblive/search.asp,randoms2
Rugby,https://planning.agileapplications.co.uk/rugby/search-applications/
Runnymede,https://planning.runnymede.gov.uk/Northgate/PlanningExplorer/GeneralSearch.aspx
Rushcliffe,https://planningon-line.rushcliffe.gov.uk/online-applications/search.do?action=advanced
Rushmoor,https://publicaccess.rushmoor.gov.uk/online-applications/search.do?action=advanced
Rutland,https://publicaccess.rutland.gov.uk/online-applications/search.do?action=advanced
Salford,https://salfordcitycouncil.my.site.com/pr/s/register-view?c__r=Arcus_BE_Public_Register
Sandwell,https://webcaps.sandwell.gov.uk/publicaccess/search.do?action=advanced
Scottish Borders,https://eplanning.scotborders.gov.uk/online-applications/search.do?action=advanced
Sedgemoor,https://sdc.somerset.gov.uk/planning_online,randoms2
Sefton,https://pa.sefton.gov.uk/online-applications/search.do?action=advanced
Sevenoaks,https://pa.sevenoaks.gov.uk/online-applications/search.do?action=advanced
Sheffield,https://planningapps.sheffield.gov.uk/online-applications/search.do?action=advanced
Shetland Islands,https://pa.shetland.gov.uk/online-applications/search.do?action=advanced
Shropshire,https://pa.shropshire.gov.uk/online-applications/search.do?action=advanced
Slough,https://planning.agileapplications.co.uk/slough/search-applications/
Solihull,https://publicaccess.solihull.gov.uk/online-applications/search.do?action=advanced
Somerset West and Taunton,https://www1.somersetwestandtaunton.gov.uk/online-applications/search.do?action=advanced
South Ayrshire,https://publicaccess.south-ayrshire.gov.uk/online-applications/search.do?action=advanced
South Cambridgeshire,https://applications.greatercambridgeplanning.org/online-applications/search.do?action=advanced
South Derbyshire,https://planning.southderbyshire.gov.uk/,randoms3
South Gloucestershire,https://developments.southglos.gov.uk/online-applications/search.do?action=advanced
South Hams,https://southhams.planning-register.co.uk/Search/Advanced
South Holland,https://planning.sholland.gov.uk/OcellaWeb/planningSearch
South Kesteven,https://prod.publicaccess.southkesteven.gov.uk/online-applications/search.do?action=advanced
South Lanarkshire,https://publicaccess.southlanarkshire.gov.uk/online-applications/search.do?action=advanced
South Norfolk,https://info.southnorfolkandbroadland.gov.uk/online-applications/search.do?action=advanced
South Oxfordshire,https://southoxfordshire.planning-register.co.uk/Search/Advanced,planningregister
South Ribble,https://publicaccess.southribble.gov.uk/online-applications/search.do?action=advanced
South Somerset,https://publicaccess.southsomerset.gov.uk/online-applications/search.do?action=advanced
South Staffordshire,https://planning.sstaffs.gov.uk/online-applications/search.do?action=advanced
South Tyneside,https://planning.southtyneside.info/Northgate/PlanningExplorer/NewApplicationsSearch.aspx
Southampton,https://planningpublicaccess.southampton.gov.uk/online-applications/search.do?action=advanced
Southend-on-Sea,https://publicaccess.southend.gov.uk/online-applications/search.do?action=advanced
Southwark,https://planning.southwark.gov.uk/online-applications/search.do?action=advanced
Spelthorne,https://publicaccess.spelthorne.gov.uk/online-applications/search.do?action=advanced
St Albans,https://planningapplications.stalbans.gov.uk/planning/search-applications?s=c4c143aa604d31e7a059fcb60a1537842a5749a8,randoms3
St Helens,https://publicaccess.sthelens.gov.uk/online-applications/search.do?action=advanced
Stafford,https://www12.staffordbc.gov.uk/online-applications/search.do?action=advanced
Staffordshire Moorlands,http://publicaccess.staffsmoorlands.gov.uk/portal/servlets/ApplicationSearchServlet
Stevenage,https://publicaccess.stevenage.gov.uk/online-applications/search.do?action=advanced&searchType=Application
Stirling,https://pabs.stirling.gov.uk/online-applications/search.do?action=advanced
Stockport,http://planning.stockport.gov.uk/PlanningData-live/search.do?action=advanced
Stockton-on-Tees,https://www.developmentmanagement.stockton.gov.uk/online-applications/search.do?action=advanced
Stoke-on-Trent,https://development.stoke.gov.uk/planning/index.html?fa=search
Stratford on Avon,https://apps.stratford.gov.uk/eplanningv2/Home/AdvancedSearch,randoms3
Stroud,https://publicaccess.stroud.gov.uk/online-applications/search.do?action=advanced
Sunderland,https://online-applications.sunderland.gov.uk/online-applications/search.do?action=advanced
Surrey Heath,https://publicaccess.surreyheath.gov.uk/online-applications/search.do?action=advanced
Sutton,https://planningregister.sutton.gov.uk/online-applications/search.do?action=advanced
Swale,https://pa.midkent.gov.uk/online-applications/search.do?action=advanced
Swansea,https://property.swansea.gov.uk/online-applications/search.do?action=advanced
Swindon,https://pa.swindon.gov.uk/publicaccess/search.do?action=advanced
Tameside,https://publicaccess.tameside.gov.uk/online-applications/search.do?action=advanced
Tamworth,https://planning.tamworth.gov.uk/northgate/planningexplorer/generalsearch.aspx
Tandridge,https://tdcplanningsearch.tandridge.gov.uk/#TDCInfo,randoms3
Teignbridge,https://publicaccess.teignbridge.gov.uk/online-applications/search.do?action=advanced
Telford and Wrekin,https://secure.telford.gov.uk/planningsearch/,randoms3
Tendring,https://idox.tendringdc.gov.uk/online-applications/search.do?action=advanced
Test Valley,https://view-applications.testvalley.gov.uk/online-applications/search.do?action=advanced
Tewkesbury,https://tewkesbury-central.oncreate.app/w/webpage/apptracker-search,randoms3
Thanet,https://planningandbuildingcontrol.thanet.gov.uk/planning/index.html?fa=search
Three Rivers,https://www3.threerivers.gov.uk/online-applications/search.do?action=advanced
Thurrock,https://regs.thurrock.gov.uk/online-applications/search.do?action=advanced
Tonbridge and Malling,https://planning.agileapplications.co.uk/tmbc/search-applications/
Torbay,https://publicaccess.torbay.gov.uk/view/search.do?action=advanced
Torfaen,https://planningonline.torfaen.gov.uk/online-applications/search.do?action=advanced
Torridge,https://publicaccess.torridge.gov.uk/online-applications/search.do?action=advanced
Tower Hamlets,https://development.towerhamlets.gov.uk/online-applications/search.do?action=advanced
Trafford,https://pa.trafford.gov.uk/online-applications/search.do?action=advanced
Tunbridge Wells,https://twbcpa.midkent.gov.uk/online-applications/search.do?action=advanced
Uttlesford,https://publicaccess.uttlesford.gov.uk/online-applications/search.do?action=advanced
Vale of Glamorgan,https://vogonline.planning-register.co.uk/Search/Advanced
Vale of White Horse,https://valeofwhitehorse.planning-register.co.uk/Search/Advanced,planningregister
Wakefield,https://planning.wakefield.gov.uk/online-applications/search.do?action=advanced
Walsall,https://planning.walsall.gov.uk/swift/apas/run/wphappcriteria.display,randoms3
Waltham Forest,https://builtenvironment.walthamforest.gov.uk/planning/index.html?fa=search
Wandsworth,https://planning.wandsworth.gov.uk/Northgate/PlanningExplorer/GeneralSearch.aspx
Warrington,https://online.warrington.gov.uk/planning/index.html?fa=search
Warwick,https://planningdocuments.warwickdc.gov.uk/online-applications/search.do?action=advanced
Watford,https://pa.watford.gov.uk/publicaccess/search.do?action=advanced
Waverley,https://planning360.waverley.gov.uk:4443/planning/search-applications,randoms3
Wealden,https://planning.wealden.gov.uk/,randoms3
Welwyn Hatfield,https://planning.welhat.gov.uk/Search/Advanced
West Berkshire,https://publicaccess.westberks.gov.uk/online-applications/search.do?action=advanced
West Devon,https://westdevon.planning-register.co.uk/Search/Advanced,
West Dunbartonshire,https://apps.west-dunbarton.gov.uk/dcsearch_appx.asp,randoms3
West Lancashire,https://pa.westlancs.gov.uk/online-applications/search.do?action=advanced
West Lindsey,https://westlindsey-publicportal.statmap.co.uk/horizoNext/publicportal,randoms3
West Lothian,https://planning.westlothian.gov.uk/publicaccess/search.do?action=advanced
West Northamptonshire,https://wnc.planning-register.co.uk/Search/Advanced
West Oxfordshire,https://publicaccess.westoxon.gov.uk/online-applications/search.do?action=advanced
West Suffolk,https://planning.westsuffolk.gov.uk/online-applications/search.do?action=advanced
Westminster,https://idoxpa.westminster.gov.uk/online-applications/search.do?action=advanced
Westmorland and Furness,https://planningregister.westmorlandandfurness.gov.uk/Search/Advanced
Wigan,https://planning.wigan.gov.uk/online-applications/search.do?action=advanced
Wiltshire,https://development.wiltshire.gov.uk/pr/s/?tabset-167f1=3,randoms3
Winchester,https://planningapps.winchester.gov.uk/online-applications/search.do?action=advanced
Windsor and Maidenhead,https://publicaccess.rbwm.gov.uk/online-applications/search.do?action=advanced
Wirral,https://online.wirral.gov.uk/planning/index.html?fa=search
Woking,https://caps.woking.gov.uk/online-applications/search.do?action=advanced
Wokingham,https://planning.wokingham.gov.uk/FastWebPL/search.asp,randoms3
Wolverhampton,http://planningonline.wolverhampton.gov.uk/online-applications/search.do?action=advanced
Worcester,https://plan.worcester.gov.uk/Search/Advanced
Worthing,https://planning.adur-worthing.gov.uk/online-applications/search.do?action=advanced
Wrexham,https://register.wrexham.gov.uk/pr/s/register-view?c__r=Arcus_BE_Public_Register&language=en_GB
Wychavon,https://plan.wychavon.gov.uk/Search/Advanced
Wyre,https://publicaccess.wyre.gov.uk/online-applications/search.do?action=advanced
Wyre Forest,https://planningpa.wyreforestdc.gov.uk/online-applications/search.do?action=advanced
York,https://planningaccess.york.gov.uk/online-applications/search.do?action=advanced